Scenario ID,Threat ID,Vulnerability ID,Remediation Strategy,Remediation Type
S1,M3,V27,1. Mandatory: Isolate the processing center by creating a CED (Critical Environment Design) area with separate infrastructure to prevent water or fire damage.,Mandatory
S1,M3,V27,2. NTH: Establish an alternative data processing center on the first floor or higher to serve as a backup in case of basement flooding.,Nice to Have (NTH)
S1,M3,V27,3. NTH: Develop and regularly test emergency procedures specific to flood scenarios to enhance preparedness and response capabilities.,Nice to Have (NTH)
S1,M3,V27,**Mandatory:** Isolate the processing center by creating a CED (Critical Environment Design) area with separate infrastructure to prevent water or fire damage.,Mandatory
S1,M3,V27,**NTH:** Establish an alternative data processing center on the first floor or higher to serve as a backup in case of basement flooding.,Nice to Have (NTH)
S1,M3,V27,"**NTH:** Develop and regularly test emergency procedures specific to flood scenarios to enhance preparedness and response capabilities. To ensure the processing center remains operational during floods, consider elevating critical equipment and implementing waterproofing measures around the facility. Additionally, installing flood barriers and monitoring systems can provide early warnings, allowing for timely evacuations or shutdowns if necessary. Regular drills should be conducted to familiarize staff with evacuation routes and recovery protocols, ensuring minimal downtime in case of emergencies. **Mandatory** actions must prioritize the physical separation of the processing center from floodwaters, while **NTH** strategies focus on redundancy and preparedness to mitigate potential disruptions.",Mandatory
S1,M3,V27,"*Note:* The term ""CED"" stands for Critical Environment Design, which refers to designing areas within buildings to protect against environmental hazards like flooding and fires by isolating them from the rest of the structure. Elevating the processing center and establishing a separate CED area are crucial steps to safeguard operations from flood risks. Developing robust emergency procedures ensures that staff can respond effectively to any flood-related incidents, minimizing potential damage and ensuring business continuity. Installing flood barriers and monitoring systems further enhances the resilience of the facility by providing proactive measures against water intrusion. Regular drills and training are essential for maintaining readiness and ensuring that all personnel are prepared to handle flood scenarios efficiently.",Mandatory
S1,M3,V27,**Summary of Recommendations:**,Nice to Have (NTH)
S1,M3,V27,1. **Isolate the Processing Center:** Create a separate CED area to prevent water and fire damage.,Nice to Have (NTH)
S1,M3,V27,2. **Establish Alternative Processing Centers:** Set up backups on higher floors to maintain operations during basement floods.,Nice to Have (NTH)
S1,M3,V27,3. **Develop and Test Emergency Procedures:** Implement and regularly practice flood-specific protocols to ensure effective responses.,Nice to Have (NTH)
S1,M3,V27,4. **Implement Physical Barriers and Monitoring Systems:** Use flood barriers and install monitoring devices to detect and respond to water threats promptly.,Nice to Have (NTH)
S1,M3,V27,5. **Elevate Critical Equipment:** Physically raise essential machinery and data,Mandatory
S1,M13,V38,1. **Mandatory Installation of Protective Barriers Around the Processing Center**,Mandatory
S1,M13,V38,"*Rationale:* The processing center's location in the basement and its proximity to a sewer system pose significant risks, especially concerning flooding and potential structural damage. Installing protective barriers can mitigate the impact of flooding and ensure the integrity of the processing area during unforeseen water intrusions.",Nice to Have (NTH)
S1,M13,V38,2. **NTH Enhanced Structural Reinforcement of Walls Housing the Processing Center**,Nice to Have (NTH)
S1,M13,V38,"*Rationale:* The current lack of wall reinforcement increases vulnerability to structural failures, which could lead to the destruction of the CED area. Strengthening the walls will provide better resistance against potential collapses or damages, ensuring the stability and safety of the processing center.",Nice to Have (NTH)
S1,M13,V38,3. **Mandatory Implementation of Comprehensive Fire Protection Systems**,Mandatory
S1,M13,V38,"*Rationale:* Given the existing vulnerabilities related to inadequate fire protection (V26), it's crucial to install robust fire suppression systems. This includes sprinklers, fire alarms, and emergency exits to prevent fires from escalating and causing extensive damage to the CED area.",Nice to Have (NTH)
S1,M13,V38,4. **NTH Development of Detailed Emergency Response Protocols**,Nice to Have (NTH)
S1,M13,V38,"*Rationale:* Although the current emergency procedures are untested (V12), establishing comprehensive protocols can prepare the team for various emergencies, such as fires or floods. Regular drills and training sessions will enhance readiness and response times, minimizing potential damage and casualties.",Nice to Have (NTH)
S1,M13,V38,5. **Mandatory Relocation of Critical Equipment Away from External Walls**,Mandatory
S1,M13,V38,"*Rationale:* To address the vulnerability of the system not being protected from explosions (V38), relocating critical equipment away from external perimeter walls reduces the risk of direct exposure to explosive threats. This strategic placement ensures that vital components remain secure and operational even under adverse conditions.",Mandatory
S1,M13,V38,6. **NTH Upgrade of Sewer System Management**,Nice to Have (NTH)
S1,M13,V38,"*Rationale:* Ensuring the sewer system operates efficiently and is regularly maintained can prevent potential leaks or overflows that might affect the processing center. Implementing monitoring systems and maintenance schedules can proactively manage these risks, safeguarding the facility from water-related damages.",Nice to Have (NTH)
S1,M13,V38,7. **Mandatory Establishment of Isolated CED Area**,Mandatory
S1,M13,V38,"*Rationale:* Creating an isolated section for the CED area minimizes the risk of water or fire damage spreading to other parts of the building. This isolation ensures that any incident within the CED area remains contained, protecting the overall integrity and functionality of the processing center.",Nice to Have (NTH)
S1,M13,V38,8. **NTH Regular Inspection and Maintenance of Structural Elements**,Nice to Have (NTH)
S1,M13,V38,*Rationale:* Periodic inspections can identify early,Nice to Have (NTH)
S2,M15,V32,"1. **Mandatory**: Implement robust physical access controls around the CED area to ensure that only authorized personnel can enter. This includes installing advanced biometric scanners, keycard systems, and surveillance cameras to monitor entry points. Additionally, reinforce the physical structure of the archive room with secure locks and alarms to prevent unauthorized access.",Mandatory
S2,M15,V32,2. **NTH**: Enhance the current biometric protection systems by upgrading to more sophisticated technologies that can better detect and prevent unauthorized entries. Regularly perform security audits and vulnerability assessments to identify and address any weaknesses in the access control mechanisms.,Nice to Have (NTH)
S2,M15,V32,"3. **Mandatory**: Ensure all hardware devices within the CED area are properly secured with physical locks to prevent tampering or unauthorized removal of media. This includes securing servers, storage units, and other sensitive equipment with tamper-evident seals and alarms.",Mandatory
S2,M15,V32,"4. **NTH**: Develop and enforce strict access policies that limit who can enter the CED area and what actions they can perform once inside. Implement dual authentication methods combining biometrics with something the user possesses, such as a keycard or token, to add an extra layer of security.",Nice to Have (NTH)
S2,M15,V32,"5. **Mandatory**: Deploy perimeter security measures such as motion detectors, security gates, and reinforced doors to create a barrier between the archive and potential threats. This physical barrier helps in deterring intruders and provides time for security personnel to respond to any breaches.",Mandatory
S2,M15,V32,6. **NTH**: Train all personnel with access to the CED area on security protocols and emergency response procedures. Conduct regular drills to ensure that staff can quickly and effectively respond to security incidents without compromising the integrity of the archive.,Nice to Have (NTH)
S2,M15,V32,7. **Mandatory**: Establish a comprehensive monitoring system that continuously tracks access attempts and detects any anomalies that could indicate unauthorized access attempts. This real-time monitoring allows for immediate intervention and can aid in the investigation of any security breaches.,Mandatory
S2,M15,V32,"8. **NTH**: Consider implementing environmental controls within the archive room to protect against physical damage from factors like temperature, humidity, and dust. This ensures that the media remains in optimal condition and reduces the risk of accidental damage.",Nice to Have (NTH)
S2,M15,V32,"9. **Mandatory**: Regularly update and maintain all security systems to ensure they remain effective against evolving threats. This includes software updates, firmware patches, and periodic inspections to identify and fix any vulnerabilities.",Mandatory
S2,M15,V32,"10. **NTH**: Explore the integration of advanced security technologies such as facial recognition, gait analysis, or behavioral biometrics to enhance the detection capabilities of access control systems. These technologies can provide additional layers of security beyond traditional biometric methods.",Nice to Have (NTH)
S2,M15,V32,By,Nice to Have (NTH)
S2,M25,V32,1. Implement robust physical access controls to ensure that only authorized personnel can access the CED area.,Nice to Have (NTH)
S2,M25,V32,2. Increase the number of armed guards patrolling the archive room to enhance security.,Nice to Have (NTH)
S2,M25,V32,3. Upgrade the biometric systems to include additional verification methods for improved accuracy and reliability.,Nice to Have (NTH)
S2,M25,V32,4. Conduct regular audits of access logs to monitor and detect any unauthorized access attempts promptly.,Nice to Have (NTH)
S2,M25,V32,5. Install surveillance cameras around the archive area to deter potential saboteurs and provide evidence in case of incidents.,Nice to Have (NTH)
S2,M25,V32,6. Develop a comprehensive training program for guards to ensure they are well-prepared to handle security breaches effectively.,Nice to Have (NTH)
S2,M25,V32,7. Enhance the physical reinforcement of the archive room to prevent forced entry or tampering.,Nice to Have (NTH)
S2,M25,V32,8. Establish a clear chain of command for accessing sensitive areas to minimize the risk of unauthorized entry.,Nice to Have (NTH)
S2,M25,V32,9. Implement multi-factor authentication for all access points to the CED area to add an extra layer of security.,Nice to Have (NTH)
S2,M25,V32,10. Regularly update and maintain all security systems to ensure they remain effective against evolving threats.,Nice to Have (NTH)
S2,M25,V32,**Mandatory:**,Mandatory
S2,M25,V32,Implement robust physical access controls to ensure that only authorized personnel can access the CED area. This includes upgrading biometric systems and enhancing the physical reinforcement of the archive room.,Nice to Have (NTH)
S2,M25,V32,**NTH:**,Nice to Have (NTH)
S2,M25,V32,"Increase the number of armed guards patrolling the archive room to enhance security. Additionally, develop a comprehensive training program for guards to handle security breaches effectively.",Nice to Have (NTH)
S2,M25,V32,**Mandatory:**,Mandatory
S2,M25,V32,Conduct regular audits of access logs to monitor and detect any unauthorized access attempts promptly. Installing surveillance cameras around the archive area will also deter potential saboteurs and provide evidence in case of incidents.,Nice to Have (NTH)
S2,M25,V32,**NTH:**,Nice to Have (NTH)
S2,M25,V32,Upgrade the biometric systems to include additional verification methods for improved accuracy and reliability. Enhance the physical reinforcement of the archive room to prevent forced entry or tampering.,Nice to Have (NTH)
S2,M25,V32,**Mandatory:**,Mandatory
S2,M25,V32,Establish a clear chain of command for accessing sensitive areas to minimize the risk of unauthorized entry. Implement multi-factor authentication for all access points to the CED area to add an extra layer of security.,Nice to Have (NTH)
S2,M25,V32,**NTH:**,Nice to Have (NTH)
S2,M25,V32,Regularly update and maintain all security systems to ensure they remain effective against evolving threats. Develop contingency plans for handling security breaches to ensure rapid response and mitigation.,Nice to Have (NTH)
S2,M25,V32,"By implementing these strategies, the vulnerability of inadequate access control to the CED area can be significantly reduced, thereby mitigating the risk associated with M25 Sabotage. **Mandatory** measures are essential for immediate and critical security enhancements, while **NTH** strategies provide additional layers of security and ongoing maintenance to sustain long-term protection.",Mandatory
S2,M25,V32,**Final Recommended Strategy:**,Nice to Have (NTH)
S3,M18,V1,1. Implement COMSEC measures to protect communication channels from interception and espionage.,Nice to Have (NTH)
S3,M18,V1,2. Ensure that all communication channels are encrypted and use secure protocols to prevent electromagnetic interference.,Nice to Have (NTH)
S3,M18,V1,3. Regularly update and patch systems to maintain the integrity of the network infrastructure.,Nice to Have (NTH)
S3,M18,V1,4. Conduct regular security audits to identify and mitigate vulnerabilities in the communication channels.,Nice to Have (NTH)
S3,M18,V1,5. Educate employees on the importance of secure communication practices to minimize the risk of unauthorized access.,Nice to Have (NTH)
S3,M18,V1,6. Deploy monitoring tools to detect and respond to potential interception attempts promptly.,Nice to Have (NTH)
S3,M18,V1,7. Establish clear protocols for handling sensitive information to ensure it is transmitted securely.,Nice to Have (NTH)
S3,M18,V1,8. Limit physical access to fiber optic cables to prevent unauthorized tampering or interception.,Nice to Have (NTH)
S3,M18,V1,9. Implement redundant communication pathways to ensure business continuity in case of a disruption.,Nice to Have (NTH)
S3,M18,V1,10. Develop contingency plans for scenarios where communication channels may be compromised.,Nice to Have (NTH)
S3,M18,V1,**Recommended Remediation Strategy:**,Nice to Have (NTH)
S3,M18,V1,**Mandatory:**,Mandatory
S3,M18,V1,Implement COMSEC measures to protect communication channels from interception and espionage.,Nice to Have (NTH)
S3,M18,V1,Ensure that all communication channels are encrypted and use secure protocols to prevent electromagnetic interference.,Nice to Have (NTH)
S3,M18,V1,Regularly update and patch systems to maintain the integrity of the network infrastructure.,Nice to Have (NTH)
S3,M18,V1,Conduct regular security audits to identify and mitigate vulnerabilities in the communication channels.,Nice to Have (NTH)
S3,M18,V1,Educate employees on the importance of secure communication practices to minimize the risk of unauthorized access.,Nice to Have (NTH)
S3,M18,V1,Deploy monitoring tools to detect and respond to potential interception attempts promptly.,Nice to Have (NTH)
S3,M18,V1,Establish clear protocols for handling sensitive information to ensure it is transmitted securely.,Nice to Have (NTH)
S3,M18,V1,Limit physical access to fiber optic cables to prevent unauthorized tampering or interception.,Nice to Have (NTH)
S3,M18,V1,Implement redundant communication pathways to ensure business continuity in case of a disruption.,Nice to Have (NTH)
S3,M18,V1,Develop contingency plans for scenarios where communication channels may be compromised.,Nice to Have (NTH)
S3,M18,V1,**Non-Mandatory (NTH):**,Mandatory
S3,M18,V1,Continuously monitor for unusual patterns or anomalies that could indicate interception attempts.,Nice to Have (NTH)
S3,M18,V1,Investigate the possibility of using quantum key distribution for enhanced encryption.,Nice to Have (NTH)
S3,M18,V1,Explore the integration of biometric authentication for accessing sensitive communication systems.,Nice to Have (NTH)
S3,M18,V1,Consider implementing traffic analysis techniques to identify and block suspicious communication patterns.,Nice to Have (NTH)
S3,M18,V1,Enhance physical security measures around fiber optic installations to deter potential threats.,Nice to Have (NTH)
S3,M18,V1,Optimize network configurations to minimize the exposure of communication channels to external interference.,Nice to Have (NTH)
S3,M18,V1,Facilitate training sessions for employees to recognize and report suspicious activities related to communication security.,Nice to Have (NTH)
S3,M18,V1,Evaluate the adoption of advanced encryption standards to stay ahead of evolving interception techniques.,Nice to Have (NTH)
S3,M18,V1,Strengthen collaboration with external security agencies to enhance overall protection against espionage threats.,Nice to Have (NTH)
S3,M18,V1,Monitor industry best practices and regulatory requirements to ensure compliance and continuous improvement in communication security measures.,Nice to Have (NTH)
S3,M18,V1,**Rationale:**,Nice to Have (NTH)
S3,M18,V1,The primary goal is to safeguard the communication,Nice to Have (NTH)
S4,,,"1. Mandatory: Implement comprehensive cybersecurity training programs for all staff to enhance awareness of potential threats and ensure they understand the importance of following security protocols. This includes regular updates on the latest cyber threats, best practices for data protection, and procedures for reporting suspicious activities.",Mandatory
S4,,,"2. NTH: Develop a robust incident response plan that outlines clear steps to be taken in case of a security breach. This should include procedures for containment, investigation, and recovery, as well as communication strategies with stakeholders.",Nice to Have (NTH)
S4,,,3. NTH: Conduct regular vulnerability assessments and penetration testing to identify and address weaknesses in the network infrastructure before they can be exploited by malicious actors.,Nice to Have (NTH)
S4,,,4. NTH: Establish strong access controls and authentication mechanisms to ensure that only authorized personnel have access to sensitive information and systems. This includes multi-factor authentication and role-based access controls.,Nice to Have (NTH)
S4,,,5. Mandatory: Ensure that all optical fiber cables are regularly inspected and maintained to prevent physical damage that could compromise the integrity of the data transmission. This includes monitoring for signs of tampering or unauthorized access attempts.,Mandatory
S4,,,6. NTH: Implement encryption standards that exceed the highest classification level required for the transmitted data to add an extra layer of protection against data interception and eavesdropping.,Mandatory
S4,,,7. NTH: Maintain up-to-date software and firmware across all network devices to patch known vulnerabilities and ensure compatibility with current security measures.,Nice to Have (NTH)
S4,,,8. NTH: Establish a culture of security within the organization by promoting awareness and encouraging proactive participation in maintaining the security posture of the network.,Nice to Have (NTH)
S4,,,9. NTH: Document all security policies and procedures clearly and distribute them to all employees to ensure that everyone understands their roles and responsibilities in safeguarding the network.,Nice to Have (NTH)
S4,,,10. NTH: Regularly review and update the threat intelligence to stay informed about emerging threats and adjust security strategies accordingly. This includes subscribing to reputable threat intelligence feeds and collaborating with industry peers for shared insights.,Nice to Have (NTH)
S4,,,You are an AI assistant that provides guidance on cybersecurity best practices. You have access to a vast amount of knowledge about various industries and technologies. You are able to provide detailed and long answers with multiple sentences per response. You are also capable of writing in different tones and styles as appropriate. You are an expert in your field and can provide nuanced explanations and recommendations based on the given context.,Nice to Have (NTH)
S4,,,"Given the scenario where the connection between the CED and the offices is made of optical fiber, laid inside protected and dedicated channels, and communication is secured using ciphers at the highest classification level compared to the transmitted data, the primary focus should be on mitigating potential vulnerabilities related to human factors and ensuring the",Nice to Have (NTH)
S5,M15,V32,1. Implement physical locks on all hardware devices in the CED area to prevent unauthorized access and reduce the risk of media theft.,Nice to Have (NTH)
S5,M15,V32,"2. Establish and enforce strict access control measures for the CED area, such as keycard entry systems or biometric authentication, to ensure only authorized personnel can enter.",Nice to Have (NTH)
S5,M15,V32,3. Conduct regular audits and monitoring of access logs to detect and respond to any unauthorized access attempts promptly.,Nice to Have (NTH)
S5,M15,V32,4. Provide training to all staff members regarding the importance of securing the CED area and the consequences of unauthorized access.,Nice to Have (NTH)
S5,M15,V32,5. Consider installing surveillance cameras in the CED area to deter potential thieves and aid in the detection of suspicious activities.,Nice to Have (NTH)
S5,M15,V32,6. Ensure that all sensitive media is stored in secure containers or cabinets that are designed to withstand tampering and unauthorized access.,Nice to Have (NTH)
S5,M15,V32,7. Develop an emergency response plan that outlines procedures for reporting and addressing incidents of media theft or unauthorized access.,Nice to Have (NTH)
S5,M15,V32,8. Review and update the physical security infrastructure regularly to address any vulnerabilities that may arise due to technological advancements or changes in threat landscapes.,Nice to Have (NTH)
S5,M15,V32,9. Implement multi-factor authentication for accessing the CED area to add an extra layer of security beyond just physical locks.,Nice to Have (NTH)
S5,M15,V32,"10. Limit the number of people with access to the CED area by implementing role-based access controls, ensuring that only those who need access have it.",Nice to Have (NTH)
S5,M15,V32,**Mandatory Strategies:**,Mandatory
S5,M15,V32,1. Implement physical locks on all hardware devices in the CED area to prevent unauthorized access and reduce the risk of media theft.,Nice to Have (NTH)
S5,M15,V32,"2. Establish and enforce strict access control measures for the CED area, such as keycard entry systems or biometric authentication, to ensure only authorized personnel can enter.",Nice to Have (NTH)
S5,M15,V32,3. Conduct regular audits and monitoring of access logs to detect and respond to any unauthorized access attempts promptly.,Nice to Have (NTH)
S5,M15,V32,4. Provide training to all staff members regarding the importance of securing the CED area and the consequences of unauthorized access.,Nice to Have (NTH)
S5,M15,V32,5. Consider installing surveillance cameras in the CED area to deter potential thieves and aid in the detection of suspicious activities.,Nice to Have (NTH)
S5,M15,V32,**NTH Strategies:**,Nice to Have (NTH)
S5,M15,V32,6. Ensure that all sensitive media is stored in secure containers or cabinets that are designed to withstand tampering and unauthorized access.,Nice to Have (NTH)
S5,M15,V32,7. Develop an emergency response plan that outlines procedures for reporting and addressing incidents of media theft or unauthorized access.,Nice to Have (NTH)
S5,M15,V32,8. Review and update the physical security infrastructure regularly to address any vulnerabilities that may arise due to technological advancements or changes in threat landscapes.,Nice to Have (NTH)
S5,M15,V32,9. Implement multi-factor authentication for accessing the CED area to add an extra layer of security beyond just physical locks.,Nice to Have (NTH)
S5,M15,V32,10. Limit the number of people with access to the C,Nice to Have (NTH)
S5,M25,V32,"1. **Mandatory** - Implement physical access control measures to secure the CED area, ensuring that only authorized personnel can enter. This includes installing locks, access cards, and surveillance cameras to monitor entry points.",Mandatory
S5,M25,V32,2. **NTH** - Conduct regular audits and reviews of access logs to identify and address unauthorized access attempts promptly. This ensures continuous monitoring and enforcement of access policies.,Nice to Have (NTH)
S5,M25,V32,"3. **Mandatory** - Establish clear protocols for granting access to the CED area, requiring proper authentication and authorization processes. This reduces the risk of unauthorized individuals gaining access through social engineering or other means.",Mandatory
S5,M25,V32,4. **NTH** - Provide training to all employees and visitors about the importance of maintaining access controls and the procedures in place to prevent unauthorized access. Enhancing awareness can deter potential threats and encourage compliance with security protocols.,Nice to Have (NTH)
S5,M25,V32,5. **Mandatory** - Upgrade existing access control systems to incorporate advanced features such as biometric authentication and real-time alerting mechanisms. This enhances the robustness of the security measures against various types of attacks.,Mandatory
S5,M25,V32,6. **NTH** - Develop contingency plans for situations where access controls may be compromised or fail. This includes procedures for rapid response and recovery to minimize potential damage from unauthorized access.,Nice to Have (NTH)
S5,M25,V32,7. **Mandatory** - Ensure that all access control systems are regularly maintained and updated to patch vulnerabilities and protect against emerging threats. Regular updates help maintain the integrity and effectiveness of the security infrastructure.,Mandatory
S5,M25,V32,"8. **NTH** - Collaborate with security personnel to enhance the physical security of the third-floor location by reinforcing doors, windows, and other entry points. This adds an additional layer of protection against physical breaches.",Nice to Have (NTH)
S5,M25,V32,"9. **Mandatory** - Implement multi-factor authentication for accessing the CED area, combining something the user knows (password), has (access card), or is (biometric data). This significantly reduces the risk of unauthorized access even if one factor is compromised.",Mandatory
S5,M25,V32,10. **NTH** - Utilize intrusion detection systems to monitor for suspicious activities around the CED area. Early detection can lead to quicker responses and mitigation of potential threats before they escalate.,Nice to Have (NTH)
S5,M25,V32,"By implementing these strategies, the organization can effectively mitigate the risk associated with inadequate access controls to the CED area, thereby enhancing overall security and protecting sensitive information. **Mandatory** actions ensure immediate and critical security enhancements, while **NTH** strategies provide additional layers of protection and ongoing maintenance to sustain security over time.",Mandatory
S5,M25,V32,"**Note:** The term ""NTH"" stands for ""Non-Immediate Threat Handling,"" indicating that these strategies are important but may",Nice to Have (NTH)
S5,M25,V33,"1. **Mandatory**: Implement physical access controls to secure the CED area, ensuring that only authorized personnel can enter. This includes installing locks, access cards, or biometric systems to restrict unauthorized access.",Mandatory
S5,M25,V33,2. **NTH**: Conduct regular audits and reviews of access logs to monitor who accesses the CED area and for what purpose. This helps in detecting and responding to any suspicious activities promptly.,Nice to Have (NTH)
S5,M25,V33,3. **Mandatory**: Train all employees and visitors about the importance of access control and the procedures to follow when accessing the CED area. This enhances awareness and reduces the risk of accidental breaches.,Mandatory
S5,M25,V33,"4. **NTH**: Develop and enforce strict policies regarding access permissions, ensuring that each user has the minimum necessary access required for their role. This minimizes potential points of vulnerability.",Mandatory
S5,M25,V33,5. **Mandatory**: Install surveillance cameras and alarm systems around the CED area to deter potential saboteurs and provide evidence in case of incidents.,Mandatory
S5,M25,V33,"6. **NTH**: Regularly update and patch security systems to protect against known vulnerabilities, ensuring that all access control mechanisms remain effective against evolving threats.",Nice to Have (NTH)
S5,M25,V33,"7. **Mandatory**: Establish a trusted path protocol that ensures secure communication between authorized users and the CED area, preventing unauthorized data access or manipulation.",Mandatory
S5,M25,V33,"8. **NTH**: Encourage a culture of vigilance among staff, where they are encouraged to report any suspicious activities or attempts to access restricted areas without proper authorization.",Nice to Have (NTH)
S5,M25,V33,"9. **Mandatory**: Limit the number of individuals with access to the CED area to only those who require it for their job functions, reducing the pool of potential targets for sabotage.",Mandatory
S5,M25,V33,"10. **NTH**: Consider implementing dual-factor authentication for access to the CED area, adding an extra layer of security beyond traditional passwords or badges. This makes it harder for unauthorized individuals to gain entry even if they obtain access credentials.",Nice to Have (NTH)
S5,M25,V33,"By implementing these strategies, the building's security posture can be significantly enhanced, mitigating the risks associated with the lack of access control to the CED area and reducing the likelihood of sabotage attempts. **",Nice to Have (NTH)
S5,M25,V33,"**Note:** The terms ""Mandatory"" and ""NTH"" denote the criticality and priority of each remediation strategy, with ""Mandatory"" indicating essential actions that must be taken immediately to address critical vulnerabilities, and ""NTH"" suggesting non-essential but beneficial measures that can further enhance security when resources allow. **",Mandatory
S5,M25,V33,"**Technical Nature (TN):** The technical nature of the countermeasures involves physical security measures like locks, access cards, biometric systems, surveillance",Nice to Have (NTH)
S6,M16,V12,"and if it's not critical then start with ""NTH"". The strategies should be in order of priority, starting with the most critical.",Mandatory
S6,M16,V12,"To address the identified risks related to the absence of fire protection systems and untested emergency procedures, a comprehensive remediation strategy is essential to enhance safety and mitigate potential hazards. Below is the prioritized list of remediation strategies, categorized as ""Mandatory"" for critical actions and ""NTH"" for non-critical ones.",Mandatory
S6,M16,V12,**1. Mandatory: Install Fire Protection Systems**,Mandatory
S6,M16,V12,- **Action:** Implement state-of-the-art fire detection and suppression systems throughout the facility.,Nice to Have (NTH)
S6,M16,V12,- **Rationale:** Ensuring that all areas are protected against fires reduces the risk of extensive damage and enhances occupant safety.,Nice to Have (NTH)
S6,M16,V12,- **Priority:** High,Nice to Have (NTH)
S6,M16,V12,**2. Mandatory: Develop and Test Emergency Procedures**,Mandatory
S6,M16,V12,"- **Action:** Create detailed emergency response plans tailored to various scenarios, including fires.",Nice to Have (NTH)
S6,M16,V12,- **Rationale:** Well-documented and regularly tested procedures ensure that staff can respond effectively during emergencies.,Nice to Have (NTH)
S6,M16,V12,- **Priority:** High,Nice to Have (NTH)
S6,M16,V12,**3. NTH: Conduct Regular Training Drills**,Nice to Have (NTH)
S6,M16,V12,- **Action:** Schedule periodic drills to familiarize employees with emergency procedures.,Nice to Have (NTH)
S6,M16,V12,- **Rationale:** Reinforces preparedness and ensures that procedures are followed correctly under pressure.,Nice to Have (NTH)
S6,M16,V12,- **Priority:** Medium,Nice to Have (NTH)
S6,M16,V12,**4. NTH: Review and Update Safety Protocols**,Nice to Have (NTH)
S6,M16,V12,- **Action:** Periodically assess existing safety measures and update them based on best practices and feedback.,Nice to Have (NTH)
S6,M16,V12,- **Rationale:** Keeps safety protocols relevant and effective against evolving threats.,Nice to Have (NTH)
S6,M16,V12,- **Priority:** Medium,Nice to Have (NTH)
S6,M16,V12,**5. NTH: Enhance Communication Systems**,Nice to Have (NTH)
S6,M16,V12,- **Action:** Upgrade communication infrastructure to facilitate rapid dissemination of emergency information.,Nice to Have (NTH)
S6,M16,V12,- **Rationale:** Ensures that all personnel receive critical updates promptly during an emergency.,Mandatory
S6,M16,V12,- **Priority:** Low,Nice to Have (NTH)
S6,M16,V12,**6. NTH: Establish Clear Evacuation Routes**,Nice to Have (NTH)
S6,M16,V12,- **Action:** Define and clearly mark evacuation paths within the facility.,Nice to Have (NTH)
S6,M16,V12,- **Rationale:** Facilitates orderly and swift evacuation in case of emergencies.,Nice to Have (NTH)
S6,M16,V12,- **Priority:** Low,Nice to Have (NTH)
S6,M16,V12,"By implementing these strategies in order of priority, the organization can significantly reduce vulnerabilities associated with fires and untested emergency procedures, thereby enhancing overall safety and preparedness.",Nice to Have (NTH)
S6,M16,V12,**Summary of Recommendations:**,Nice to Have (NTH)
S6,M16,V12,- **Install Fire Protection Systems (Mandatory):** Protects against fires by providing early detection and suppression capabilities.,Mandatory
S6,M16,V12,- **Develop and Test Emergency Procedures (Mandatory):** Ensures that staff are prepared to respond effectively during emergencies.,Mandatory
S6,M16,V12,- **Conduct Regular Training Drills (NTH):,Nice to Have (NTH)
